{"cameraMode":{"drawMode":0,"name":"Shaded","section":"Shading Mode"},"sceneLighting":true,"audioPlay":false,"sceneViewState":{"m_AlwaysRefresh":false,"showFog":true,"showSkybox":true,"showFlares":true,"showImageEffects":true,"showParticleSystems":true,"showVisualEffectGraphs":true,"m_FxEnabled":true},"in2DMode":false,"pivot":{"x":-0.36105242371559145,"y":3.9726181030273439,"z":-6.723587989807129},"rotation":{"x":0.01104217953979969,"y":-0.6767173409461975,"z":0.01015152595937252,"w":0.7360902428627014},"size":2.792830228805542,"orthographic":false}