{"cameraMode":{"drawMode":0,"name":"Shaded","section":"Shading Mode"},"sceneLighting":true,"audioPlay":false,"sceneViewState":{"m_AlwaysRefresh":false,"showFog":false,"showSkybox":true,"showFlares":true,"showImageEffects":true,"showParticleSystems":true,"showVisualEffectGraphs":true,"m_FxEnabled":true},"in2DMode":false,"pivot":{"x":0.24014654755592347,"y":-6.451264381408691,"z":-10.959999084472657},"rotation":{"x":-0.0024970034137368204,"y":-0.9579258561134338,"z":0.2868983745574951,"w":-0.008337772451341153},"size":7.614996910095215,"orthographic":false}