{"cameraMode":{"drawMode":0,"name":"Shaded","section":"Shading Mode"},"sceneLighting":true,"audioPlay":false,"sceneViewState":{"m_AlwaysRefresh":false,"showFog":false,"showSkybox":true,"showFlares":true,"showImageEffects":true,"showParticleSystems":true,"showVisualEffectGraphs":true,"m_FxEnabled":true},"in2DMode":false,"pivot":{"x":-0.6236492395401001,"y":-2.5998754501342775,"z":10.22268295288086},"rotation":{"x":0.15971489250659944,"y":-0.03404981642961502,"z":0.005512314382940531,"w":0.9865607023239136},"size":8.42199993133545,"orthographic":false}