{"cameraMode":{"drawMode":0,"name":"Shaded","section":"Shading Mode"},"sceneLighting":true,"audioPlay":false,"sceneViewState":{"m_AlwaysRefresh":false,"showFog":false,"showSkybox":true,"showFlares":true,"showImageEffects":true,"showParticleSystems":true,"showVisualEffectGraphs":true,"m_FxEnabled":true},"in2DMode":false,"pivot":{"x":-0.12298563867807388,"y":-3.2190299034118654,"z":-9.429956436157227},"rotation":{"x":0.0014235106064006687,"y":-0.9784444570541382,"z":0.20639921724796296,"w":0.006747744977474213},"size":6.0522589683532719,"orthographic":false}