{"cameraMode":{"drawMode":0,"name":"Shaded","section":"Shading Mode"},"sceneLighting":true,"audioPlay":false,"sceneViewState":{"m_AlwaysRefresh":false,"showFog":true,"showSkybox":true,"showFlares":true,"showImageEffects":true,"showParticleSystems":true,"showVisualEffectGraphs":true,"m_FxEnabled":true},"in2DMode":false,"pivot":{"x":-2.3839821815490724,"y":2.296367645263672,"z":-0.465914249420166},"rotation":{"x":0.7027536034584045,"y":-0.011736534535884858,"z":0.011596515774726868,"w":0.7112385630607605},"size":16.352205276489259,"orthographic":true}