{"cameraMode":{"drawMode":0,"name":"Shaded","section":"Shading Mode"},"sceneLighting":true,"audioPlay":false,"sceneViewState":{"m_AlwaysRefresh":false,"showFog":false,"showSkybox":true,"showFlares":true,"showImageEffects":true,"showParticleSystems":true,"showVisualEffectGraphs":true,"m_FxEnabled":true},"in2DMode":false,"pivot":{"x":-0.18626521527767182,"y":1.3995569944381714,"z":0.04427644610404968},"rotation":{"x":-0.028811028227210046,"y":0.9664548635482788,"z":-0.12507382035255433,"w":-0.22271712124347688},"size":0.976331889629364,"orthographic":false}