{"cameraMode":{"drawMode":0,"name":"Shaded","section":"Shading Mode"},"sceneLighting":true,"audioPlay":false,"sceneViewState":{"m_AlwaysRefresh":false,"showFog":false,"showSkybox":true,"showFlares":true,"showImageEffects":true,"showParticleSystems":true,"showVisualEffectGraphs":true,"m_FxEnabled":true},"in2DMode":false,"pivot":{"x":-0.9077167510986328,"y":1.3916088342666627,"z":-0.030475765466690065},"rotation":{"x":-0.0024970034137368204,"y":-0.9579258561134338,"z":0.2868983745574951,"w":-0.008337772451341153},"size":0.20908750593662263,"orthographic":false}