{"cameraMode":{"drawMode":0,"name":"Shaded","section":"Shading Mode"},"sceneLighting":true,"audioPlay":false,"sceneViewState":{"m_AlwaysRefresh":false,"showFog":false,"showSkybox":true,"showFlares":true,"showImageEffects":true,"showParticleSystems":true,"showVisualEffectGraphs":true,"m_FxEnabled":true},"in2DMode":false,"pivot":{"x":-0.06782305985689163,"y":1.0340967178344727,"z":0.7113460302352905},"rotation":{"x":0.028278855606913568,"y":-0.9707483649253845,"z":0.14342792332172395,"w":0.191121906042099},"size":1.1974660158157349,"orthographic":false}