{"cameraMode":{"drawMode":0,"name":"Shaded","section":"Shading Mode"},"sceneLighting":true,"audioPlay":false,"sceneViewState":{"m_AlwaysRefresh":false,"showFog":true,"showSkybox":true,"showFlares":true,"showImageEffects":true,"showParticleSystems":true,"showVisualEffectGraphs":true,"m_FxEnabled":true},"in2DMode":false,"pivot":{"x":-0.4432768225669861,"y":3.273892879486084,"z":-1.4089854955673218},"rotation":{"x":0.037205833941698077,"y":-0.7159891128540039,"z":0.03826739266514778,"w":0.6960743069648743},"size":5.851253986358643,"orthographic":false}