{"cameraMode":{"drawMode":0,"name":"Shaded","section":"Shading Mode"},"sceneLighting":true,"audioPlay":false,"sceneViewState":{"m_AlwaysRefresh":false,"showFog":false,"showSkybox":true,"showFlares":true,"showImageEffects":true,"showParticleSystems":true,"showVisualEffectGraphs":true,"m_FxEnabled":true},"in2DMode":false,"pivot":{"x":-0.14580242335796357,"y":0.7512511610984802,"z":-0.04415956139564514},"rotation":{"x":-0.19102469086647035,"y":-0.6828856468200684,"z":0.19232451915740968,"w":-0.6784111857414246},"size":1.1029051542282105,"orthographic":false}