{"cameraMode":{"drawMode":0,"name":"Shaded","section":"Shading Mode"},"sceneLighting":true,"audioPlay":false,"sceneViewState":{"m_AlwaysRefresh":false,"showFog":false,"showSkybox":true,"showFlares":true,"showImageEffects":true,"showParticleSystems":true,"showVisualEffectGraphs":true,"m_FxEnabled":true},"in2DMode":false,"pivot":{"x":-0.7933005094528198,"y":1.3995658159255982,"z":0.015839112922549249},"rotation":{"x":0.04352877661585808,"y":0.946093738079071,"z":-0.14327354729175569,"w":0.2873903512954712},"size":0.9457213878631592,"orthographic":false}