{"cameraMode":{"drawMode":0,"name":"Shaded","section":"Shading Mode"},"sceneLighting":true,"audioPlay":false,"sceneViewState":{"m_AlwaysRefresh":false,"showFog":true,"showSkybox":true,"showFlares":true,"showImageEffects":true,"showParticleSystems":true,"showVisualEffectGraphs":true,"m_FxEnabled":true},"in2DMode":false,"pivot":{"x":0.28601333498954775,"y":2.302140474319458,"z":-2.0261330604553224},"rotation":{"x":0.21133212745189668,"y":0.26950040459632876,"z":-0.06074238568544388,"w":0.9375670552253723},"size":1.8506877422332764,"orthographic":false}